/*
SQLyog Ultimate v13.1.1 (64 bit)
MySQL - 5.7.36 : Database - admindash_db
*********************************************************************
*/

/*!40101 SET NAMES utf8 */;

/*!40101 SET SQL_MODE=''*/;

/*!40014 SET @OLD_UNIQUE_CHECKS=@@UNIQUE_CHECKS, UNIQUE_CHECKS=0 */;
/*!40014 SET @OLD_FOREIGN_KEY_CHECKS=@@FOREIGN_KEY_CHECKS, FOREIGN_KEY_CHECKS=0 */;
/*!40101 SET @OLD_SQL_MODE=@@SQL_MODE, SQL_MODE='NO_AUTO_VALUE_ON_ZERO' */;
/*!40111 SET @OLD_SQL_NOTES=@@SQL_NOTES, SQL_NOTES=0 */;
CREATE DATABASE /*!32312 IF NOT EXISTS*/`admindash_db` /*!40100 DEFAULT CHARACTER SET utf8 */;

USE `admindash_db`;

/*Table structure for table `tbl_customers` */

DROP TABLE IF EXISTS `tbl_customers`;

CREATE TABLE `tbl_customers` (
  `fld_ai_id` int(11) NOT NULL AUTO_INCREMENT,
  `fld_name` char(30) NOT NULL,
  `fld_email` char(50) NOT NULL,
  `fld_phone` char(30) NOT NULL,
  `fld_password` varchar(255) NOT NULL,
  `fld_isActive` enum('0','1') NOT NULL DEFAULT '1',
  `fld_timestamp` timestamp NOT NULL DEFAULT CURRENT_TIMESTAMP,
  PRIMARY KEY (`fld_ai_id`)
) ENGINE=InnoDB AUTO_INCREMENT=101 DEFAULT CHARSET=utf8;

/*Data for the table `tbl_customers` */

insert  into `tbl_customers`(`fld_ai_id`,`fld_name`,`fld_email`,`fld_phone`,`fld_password`,`fld_isActive`,`fld_timestamp`) values 
(1,'Larry Hays','geeber@comcast.net','(790) 736-6558','e937ukcqd7xuGq6','1','2023-03-08 21:55:39'),
(2,'Raina Torres','jsmith@yahoo.ca','(895) 488-0274','QBmQ58tNLmWkWNz','1','2023-03-08 21:55:39'),
(3,'Mohammed Ponce','uqmcolyv@aol.com','(480) 408-3461','MSFhPYGny4wV4gd','1','2023-03-08 21:55:39'),
(4,'Jaliyah Watts','gastown@hotmail.com','(581) 556-2460','rygmNLXhKjKBkS4','1','2023-03-08 21:55:39'),
(5,'Lillianna Carpenter','janusfury@gmail.com','(431) 681-1420','JWe3R9a2FQ2Y3pr','1','2023-03-08 21:55:39'),
(6,'Octavio Green','yzheng@icloud.com','(933) 351-1978','vsfbKyHdFxm8F8K','1','2023-03-08 21:55:39'),
(7,'Cheyanne Conner','ehood@me.com','(861) 698-7116','zWQXAbBJqqGgB24','1','2023-03-08 21:55:39'),
(8,'Kade Petersen','harpes@comcast.net','(574) 373-6086','4UYTsTUgue28h7g','1','2023-03-08 21:55:39'),
(9,'Raul Andrews','msherr@gmail.com','(309) 346-0874','fPuFweqbnNPgcZ6','1','2023-03-08 21:55:39'),
(10,'Madalynn Watkins','nwiger@outlook.com','(763) 236-7739','SxCVSL6fuRduVBf','1','2023-03-08 21:55:39'),
(11,'Faith Hayes','rcwil@gmail.com','(997) 432-4388','nmhcE2JL34craJu','1','2023-03-08 21:55:39'),
(12,'Gunnar Blackwell','mwitte@icloud.com','(456) 417-9024','dB37ysvgnU4Vyq9','1','2023-03-08 21:55:39'),
(13,'Ellen Trujillo','kmiller@mac.com','(955) 480-0567','ZrVLhkXBQCRJ4nq','1','2023-03-08 21:55:39'),
(14,'Dominick English','osaru@yahoo.ca','(714) 514-5165','gGZvjLaUWLveM8p','1','2023-03-08 21:55:39'),
(15,'Karsyn Floyd','bartlett@gmail.com','(205) 694-5204','MXxVcQnu88qLAXv','1','2023-03-08 21:55:39'),
(16,'Colin Mcguire','augusto@sbcglobal.net','(419) 370-5087','hetdK34JJ3J9nQV','1','2023-03-08 21:55:39'),
(17,'Clara Brewer','roamer@att.net','(649) 248-7978','GUn7jdPFz4HSnLc','1','2023-03-08 21:55:39'),
(18,'Zoe Wang','grossman@sbcglobal.net','(879) 830-2057','7vjTfsFnyw9PfVs','1','2023-03-08 21:55:39'),
(19,'Ellen Nash','world@comcast.net','(427) 688-8339','jXNnh6JAneJJjKL','1','2023-03-08 21:55:39'),
(20,'Nikolas Hammond','dmath@yahoo.com','(784) 410-7090','Fcasub6gLS4KJ7K','1','2023-03-08 21:55:39'),
(21,'Emmalee Nielsen','gknauss@comcast.net','(880) 341-8133','WNDT3Eq52D8ZU86','1','2023-03-08 21:55:39'),
(22,'Josue Lawrence','stellaau@outlook.com','(367) 431-7269','VhSGJD2Tkpj2zmB','1','2023-03-08 21:55:39'),
(23,'Jay Peters','kronvold@outlook.com','(546) 608-2285','NGjCrCcxDW9ryQf','1','2023-03-08 21:55:39'),
(24,'Rey Mills','ajlitt@att.net','(288) 848-4111','LpPz4yMQpPkDCAW','1','2023-03-08 21:55:39'),
(25,'Kaylee Walton','grinder@yahoo.com','(819) 697-9369','hFgjuSnJfGqT8Wp','1','2023-03-08 21:55:39'),
(26,'Jan Petty','barlow@icloud.com','(853) 770-7962','KEB6qJnjsBj3RKm','1','2023-03-08 21:55:39'),
(27,'Jaron Woodward','frostman@hotmail.com','(670) 763-7492','2tjwrjy7ry24WQ5','1','2023-03-08 21:55:39'),
(28,'Javon Phelps','dobey@sbcglobal.net','(377) 703-1472','Spux2cWNwAQvBfz','1','2023-03-08 21:55:39'),
(29,'Nyla Ramsey','rattenbt@msn.com','(373) 784-2917','cmUqC6snqDeSQ2T','1','2023-03-08 21:55:39'),
(30,'Carissa Whitehead','sjava@aol.com','(550) 819-4437','hAZ2F5HW9PEqbq4','1','2023-03-08 21:55:39'),
(31,'Jared Meza','gfxguy@msn.com','(840) 709-7859','MPR7GCj8VZ2qZXp','1','2023-03-08 21:55:39'),
(32,'Danica Riley','slaff@me.com','(480) 415-7276','NT3ZtUysgYtXpqY','1','2023-03-08 21:55:39'),
(33,'Cherish Horne','mavilar@hotmail.com','(671) 500-7120','WX5eNv9zFKAzWxM','1','2023-03-08 21:55:39'),
(34,'Jayvon Shepherd','caronni@sbcglobal.net','(733) 391-1807','JQAER3cFf7RKTcC','1','2023-03-08 21:55:39'),
(35,'Rebekah Garrison','milton@live.com','(263) 987-1269','BL5Q8sY5Addg58k','1','2023-03-08 21:55:39'),
(36,'Harley Munoz','gilmoure@mac.com','(257) 440-6877','3CkpqZGZ7TZSEC2','1','2023-03-08 21:55:39'),
(37,'Susan Johnston','jwarren@comcast.net','(253) 511-3236','DhZYz5W5apjMCpk','1','2023-03-08 21:55:39'),
(38,'Tyson Rubio','firstpr@optonline.net','(420) 989-9886','uyWmxnCHE3CECTA','1','2023-03-08 21:55:39'),
(39,'Carl Austin','dartlife@att.net','(200) 521-9281','tb7CFudbrKVRvam','1','2023-03-08 21:55:39'),
(40,'Damarion Spence','maneesh@gmail.com','(634) 693-3220','maLPtgw6JUGnYgh','1','2023-03-08 21:55:39'),
(41,'Laci Harris','fviegas@icloud.com','(459) 965-5653','QT3mrHXshVr9dbV','1','2023-03-08 21:55:39'),
(42,'Xavier Hopkins','pontipak@hotmail.com','(818) 652-6563','wEYbLEVSSFR3W8K','1','2023-03-08 21:55:39'),
(43,'Sincere Huff','scarolan@gmail.com','(453) 701-3912','r2RdrKBVbpjxSz2','1','2023-03-08 21:55:39'),
(44,'Isabell Mccormick','shawnce@mac.com','(405) 410-5735','zghU66Jk6x6UcAr','1','2023-03-08 21:55:39'),
(45,'Iris Acosta','mdielmann@att.net','(850) 971-7131','hTX9m6cteTBLNLu','1','2023-03-08 21:55:39'),
(46,'Phoebe Gibbs','drewf@me.com','(659) 437-3642','cDKYHuW3Aaj7ZQD','1','2023-03-08 21:55:39'),
(47,'Ariel Harrison','jrkorson@sbcglobal.net','(477) 263-4482','mZD74JBTk8Ly2xN','1','2023-03-08 21:55:39'),
(48,'Roland Parker','sequin@yahoo.com','(212) 781-2055','h5uY5n4w2UmsjL4','1','2023-03-08 21:55:39'),
(49,'Monica Ritter','graham@optonline.net','(634) 945-6648','Ev9abFemqaCwhpz','1','2023-03-08 21:55:39'),
(50,'Serenity Roberson','miturria@gmail.com','(211) 831-8253','vVtuxMyHYkx6GZd','1','2023-03-08 21:55:39'),
(51,'Gabriella Gibbs','noahb@yahoo.ca','(519) 563-5351','867GS4mWmz3dpv6','1','2023-03-08 21:55:39'),
(52,'Diamond Cooke','mkearl@yahoo.com','(213) 573-6609','8TEHUJRSejbWLXE','1','2023-03-08 21:55:39'),
(53,'Haiden Mendez','lauronen@icloud.com','(705) 956-0463','emfEPUanhjNvd57','1','2023-03-08 21:55:39'),
(54,'Kadin Davidson','bhima@att.net','(876) 476-8700','gu7xGwwSQtJ6zYt','1','2023-03-08 21:55:39'),
(55,'Jaydon Gutierrez','vsprintf@msn.com','(551) 629-0089','PJhy6u34Pghfsrc','1','2023-03-08 21:55:40'),
(56,'Korbin Palmer','hstiles@att.net','(471) 801-1055','RKN2MDsCXS3y32h','1','2023-03-08 21:55:40'),
(57,'Hassan Byrd','jmcnamara@yahoo.com','(350) 378-2198','kWwTqug4WaVAh8A','1','2023-03-08 21:55:40'),
(58,'Hana Larson','grady@icloud.com','(997) 792-4740','d6tUyAS3UGrt53F','1','2023-03-08 21:55:40'),
(59,'Adriana Mejia','gknauss@gmail.com','(902) 712-8772','HYUh9QKaqqTajfk','1','2023-03-08 21:55:40'),
(60,'Damarion Love','mfleming@yahoo.ca','(505) 444-7667','68mZqPZVqWrtpT7','1','2023-03-08 21:55:40'),
(61,'Nathanael Sims','jshirley@sbcglobal.net','(261) 904-4914','27seZgvwZCxAcCk','1','2023-03-08 21:55:40'),
(62,'Ruby Mccullough','benanov@me.com','(256) 647-4322','HqNfAn6Afktsmqu','1','2023-03-08 21:55:40'),
(63,'Skyla Daniels','bruck@msn.com','(779) 850-8544','ZkLe2PTGxC4mWUH','1','2023-03-08 21:55:40'),
(64,'Brylee Sanford','miami@verizon.net','(681) 813-7199','XAa7ERFRts8Zc9K','1','2023-03-08 21:55:40'),
(65,'Leilani Durham','jespley@aol.com','(804) 793-6480','upvYeuX6RrN3R3b','1','2023-03-08 21:55:40'),
(66,'Belen Summers','aschmitz@gmail.com','(766) 943-6369','vKHSjcYXUzSp865','1','2023-03-08 21:55:40'),
(67,'Lydia Sherman','xtang@sbcglobal.net','(804) 498-5847','jdDPK7Ve2LVSAU7','1','2023-03-08 21:55:40'),
(68,'Andrea Murray','mirod@msn.com','(287) 824-4798','NFeXabX5Kgt24JH','1','2023-03-08 21:55:40'),
(69,'Grayson Hinton','rtanter@sbcglobal.net','(240) 686-9970','PvaQuBMbK4nj6Vp','1','2023-03-08 21:55:40'),
(70,'Shyla Mccarty','ngedmond@me.com','(205) 433-5771','Y9GTQpCHC3BrNDv','1','2023-03-08 21:55:40'),
(71,'Esmeralda Riggs','rtanter@outlook.com','(660) 980-9836','3c6wRmZqywmaBZ5','1','2023-03-08 21:55:40'),
(72,'Muhammad Gibson','seebs@yahoo.com','(963) 832-4042','QgX5mspZZb9EGvk','1','2023-03-08 21:55:40'),
(73,'Rosa Moore','stern@icloud.com','(619) 449-2783','zbuTwt96tAE4bTY','1','2023-03-08 21:55:40'),
(74,'Jameson Frost','arebenti@live.com','(459) 804-6652','eLHsgskt5Vt4JuM','1','2023-03-08 21:55:40'),
(75,'Monica Mahoney','metzzo@mac.com','(572) 628-4442','UCyJAP8thNBsDbv','1','2023-03-08 21:55:40'),
(76,'Anna Kline','syncnine@gmail.com','(375) 307-1249','Xq9QLvGVRbX22NS','1','2023-03-08 21:55:40'),
(77,'Nyasia Duncan','jlbaumga@hotmail.com','(793) 671-5586','CZc5GNkEHNKDGBX','1','2023-03-08 21:55:40'),
(78,'Bo Walton','jaesenj@yahoo.ca','(643) 517-6888','SDJap3kan9S4LZW','1','2023-03-08 21:55:40'),
(79,'Hazel Curtis','wortmanj@me.com','(263) 493-4759','DpgUJRvpu2DZqzN','1','2023-03-08 21:55:40'),
(80,'Tara Garza','wenzlaff@sbcglobal.net','(598) 951-3819','bmmGtUdRkn66Bpd','1','2023-03-08 21:55:40'),
(81,'Clinton Castillo','webteam@optonline.net','(564) 923-3218','RGDEfVW7eK8NDSD','1','2023-03-08 21:55:40'),
(82,'Daniel Wang','gfxguy@me.com','(768) 388-6288','UryVD2JkcQG6pE8','1','2023-03-08 21:55:40'),
(83,'Zaniyah Armstrong','agapow@optonline.net','(581) 261-5435','eEeEmnxJMbA7Eja','1','2023-03-08 21:55:40'),
(84,'Denise Lutz','josephw@msn.com','(837) 650-4286','ajjeUWGF8SJwLHZ','1','2023-03-08 21:55:40'),
(85,'Elisabeth Blankenship','andrewik@mac.com','(215) 446-8589','Ns57xKqTmuR9Cs5','1','2023-03-08 21:55:40'),
(86,'Maximillian Chambers','wiseb@yahoo.ca','(563) 221-1373','28E6zSNqKNjGaJ5','1','2023-03-08 21:55:40'),
(87,'Phoebe Cisneros','tjensen@hotmail.com','(809) 810-1313','HCn7A8bU8eppcRQ','1','2023-03-08 21:55:40'),
(88,'Lina Ruiz','wainwrig@hotmail.com','(240) 863-3240','hws8pVB8rW9HtSj','1','2023-03-08 21:55:40'),
(89,'Clare Patel','jgwang@sbcglobal.net','(412) 994-4111','RJWRwVU3WpMxu68','1','2023-03-08 21:55:40'),
(90,'Hezekiah Munoz','hedwig@me.com','(998) 906-9505','DHtqGF97cJmPzhc','1','2023-03-08 21:55:40'),
(91,'Mathew Payne','gfody@gmail.com','(795) 548-4349','qSqG9tfKhhHSkQU','1','2023-03-08 21:55:40'),
(92,'Angelina Valentine','grinder@att.net','(343) 900-2050','tyYcgY7nDCJ5eTM','1','2023-03-08 21:55:40'),
(93,'Jensen Lucas','webteam@yahoo.ca','(838) 418-1517','9vXadvBrA3YyFDy','1','2023-03-08 21:55:40'),
(94,'Larissa Blanchard','gomor@optonline.net','(440) 544-3468','ZjhjPpxYpE8YVKb','1','2023-03-08 21:55:40'),
(95,'Jaeden Henson','pjacklam@comcast.net','(259) 241-4139','tmtwR2sAX3Nj2HM','1','2023-03-08 21:55:40'),
(96,'Shayna Aguilar','imightb@optonline.net','(749) 721-2941','fJtLT5D5etHrUu8','1','2023-03-08 21:55:40'),
(97,'Ishaan Decker','psichel@verizon.net','(352) 615-5961','Tv2nBKxf7kzKRFT','1','2023-03-08 21:55:40'),
(98,'Milo Carney','elflord@att.net','(581) 906-2379','wT9spR3hTq6u9BN','1','2023-03-08 21:55:40'),
(99,'Alanna Sanchez','marin@outlook.com','(685) 517-2239','6aXZ3AmHnmhHyzH','1','2023-03-08 21:55:40'),
(100,'Skye Zhang','killmenow@hotmail.com','(958) 855-7754','47dvB9Tjuhfe9Ze','1','2023-03-08 21:55:40');

/*Table structure for table `tbl_items` */

DROP TABLE IF EXISTS `tbl_items`;

CREATE TABLE `tbl_items` (
  `fld_ai_id` int(11) NOT NULL AUTO_INCREMENT,
  `fld_items` char(50) NOT NULL,
  `fld_isActive` enum('0','1') NOT NULL DEFAULT '1',
  `fld_timestamp` timestamp NOT NULL DEFAULT CURRENT_TIMESTAMP,
  PRIMARY KEY (`fld_ai_id`)
) ENGINE=InnoDB AUTO_INCREMENT=19 DEFAULT CHARSET=utf8;

/*Data for the table `tbl_items` */

insert  into `tbl_items`(`fld_ai_id`,`fld_items`,`fld_isActive`,`fld_timestamp`) values 
(1,'Headphones','1','2023-03-09 11:08:52'),
(2,'Earphones','1','2023-03-09 11:08:52'),
(3,'Earpods','1','2023-03-09 11:08:52'),
(4,'Earbuds','1','2023-03-09 11:08:52'),
(5,'Sunglasses','1','2023-03-09 11:08:52'),
(6,'Spectacles','1','2023-03-09 11:08:52'),
(7,'Smart watch','1','2023-03-09 11:08:52'),
(8,'Monitor','1','2023-03-09 11:08:52'),
(9,'Keyboard','1','2023-03-09 11:08:52'),
(10,'Mouse','1','2023-03-09 11:08:52'),
(11,'Pen Drive','1','2023-03-09 11:08:52'),
(12,'Memory card','1','2023-03-09 11:08:52'),
(13,'Routers','1','2023-03-09 11:08:52'),
(14,'Camera','1','2023-03-09 11:08:52'),
(15,'Smart Phones','1','2023-03-09 11:08:52'),
(16,'Smartphone tablets','1','2023-03-09 11:08:52'),
(17,'Console','1','2023-03-09 11:08:52'),
(18,'Chargers','1','2023-03-09 11:08:52');

/*Table structure for table `tbl_orders` */

DROP TABLE IF EXISTS `tbl_orders`;

CREATE TABLE `tbl_orders` (
  `fld_ai_id` int(11) NOT NULL AUTO_INCREMENT,
  `fld_customer_id` int(11) NOT NULL,
  `fld_item_id` int(11) NOT NULL,
  `fld_order` char(255) NOT NULL,
  `fld_orderamt` int(11) NOT NULL,
  `fld_orderdate` timestamp NOT NULL,
  `fld_order_status` char(20) NOT NULL,
  `fld_isActive` enum('0','1') NOT NULL DEFAULT '1',
  `fld_timestamp` timestamp NOT NULL DEFAULT CURRENT_TIMESTAMP,
  PRIMARY KEY (`fld_ai_id`),
  KEY `fk_items` (`fld_item_id`),
  KEY `fk_customer` (`fld_customer_id`),
  CONSTRAINT `fk_customer` FOREIGN KEY (`fld_customer_id`) REFERENCES `tbl_customers` (`fld_ai_id`) ON DELETE CASCADE,
  CONSTRAINT `fk_items` FOREIGN KEY (`fld_item_id`) REFERENCES `tbl_items` (`fld_ai_id`) ON DELETE CASCADE
) ENGINE=InnoDB AUTO_INCREMENT=161 DEFAULT CHARSET=utf8;

/*Data for the table `tbl_orders` */

insert  into `tbl_orders`(`fld_ai_id`,`fld_customer_id`,`fld_item_id`,`fld_order`,`fld_orderamt`,`fld_orderdate`,`fld_order_status`,`fld_isActive`,`fld_timestamp`) values 
(1,46,1,'Sony Headphones & Headsets.',2899,'2020-11-04 01:36:00','Completed','1','2023-03-10 11:30:00'),
(2,45,1,'Apple Headphones & Headsets.',23999,'2008-05-22 21:51:00','Cancelled','1','2023-03-10 11:30:00'),
(3,95,1,'Sennheiser Headphones & Headsets.',3499,'2023-01-30 09:16:00','Completed','1','2023-03-10 11:30:00'),
(4,96,1,'JBL Headphones & Headsets.',999,'2012-10-14 00:41:00','Refunded','1','2023-03-10 11:30:00'),
(5,57,1,'Beats Headphones & Headsets.',3499,'2013-11-19 12:40:00','Declined','1','2023-03-10 11:30:00'),
(6,37,1,'iBall Headphones & Headsets.',2599,'2013-08-21 07:02:00','Completed','1','2023-03-10 11:30:00'),
(7,8,1,'Bose Headphones & Headsets.',1279,'2017-12-13 18:13:00','Cancelled','1','2023-03-10 11:30:00'),
(8,80,1,'Logitech Headphones & Headsets.',1459,'2020-08-09 12:47:00','Completed','1','2023-03-10 11:30:00'),
(9,35,2,'Sony Earphones.',2999,'2008-05-22 17:32:00','Refunded','1','2023-03-10 11:30:00'),
(10,33,2,'Apple Earphones',48342,'2014-04-20 07:31:00','Declined','1','2023-03-10 11:30:00'),
(11,55,2,'Sennheiser Earphones',26903,'2012-01-29 22:23:00','Completed','1','2023-03-10 11:30:00'),
(12,10,2,'JBL Earphones',29676,'2015-10-11 19:00:00','Cancelled','1','2023-03-10 11:30:00'),
(13,91,2,'Beats Earphones',28280,'2018-02-13 13:54:00','Completed','1','2023-03-10 11:30:00'),
(14,31,2,'iBall Earphones',14231,'2022-01-17 12:23:00','Refunded','1','2023-03-10 11:30:00'),
(15,60,2,'Bose Earphones',17347,'2016-09-28 20:27:00','Declined','1','2023-03-10 11:30:00'),
(16,43,2,'Logitech Earphones',28696,'2008-05-31 14:54:00','Completed','1','2023-03-10 11:30:00'),
(17,21,3,'Sony Earpods',1669,'2010-04-09 08:44:00','Cancelled','1','2023-03-10 11:30:00'),
(18,40,3,'Apple Earpods',13078,'2014-04-11 11:20:00','Completed','1','2023-03-10 11:30:00'),
(19,58,3,'Sennheiser Earpods',24198,'2021-01-29 09:23:00','Refunded','1','2023-03-10 11:30:00'),
(20,59,3,'JBL Earpods',41343,'2016-04-07 08:13:00','Declined','1','2023-03-10 11:30:00'),
(21,81,3,'Beats Earpods',5296,'2015-07-11 06:26:00','Completed','1','2023-03-10 11:30:00'),
(22,11,3,'iBall Earpods',47011,'2009-01-30 13:13:00','Cancelled','1','2023-03-10 11:30:00'),
(23,38,3,'Bose Earpods',112,'2019-08-04 05:18:00','Completed','1','2023-03-10 11:30:00'),
(24,51,3,'Logitech Earpods',46444,'2012-04-09 05:01:00','Refunded','1','2023-03-10 11:30:00'),
(25,28,4,'Sony Earbuds',18720,'2017-01-26 18:08:00','Declined','1','2023-03-10 11:30:00'),
(26,49,4,'Apple Earbuds',3091,'2009-10-26 22:48:00','Completed','1','2023-03-10 11:30:00'),
(27,90,4,'Sennheiser Earbuds',26808,'2010-07-06 09:45:00','Cancelled','1','2023-03-10 11:30:00'),
(28,20,4,'JBL Earbuds',49106,'2020-03-08 22:42:00','Completed','1','2023-03-10 11:30:00'),
(29,94,4,'Beats Earbuds',14996,'2012-12-26 02:08:00','Refunded','1','2023-03-10 11:30:00'),
(30,77,4,'iBall Earpods',45021,'2020-12-05 03:24:00','Declined','1','2023-03-10 11:30:00'),
(31,29,4,'Bose Earpods',47990,'2018-09-07 00:00:00','Completed','1','2023-03-10 11:30:00'),
(32,17,4,'Logitech Earbuds',47654,'2017-10-10 13:02:00','Cancelled','1','2023-03-10 11:30:00'),
(33,64,5,'Polo Ralph Lauren',40367,'2017-03-02 07:38:00','Completed','1','2023-03-10 11:30:00'),
(34,32,5,'Dkny',5664,'2019-07-20 21:29:00','Refunded','1','2023-03-10 11:30:00'),
(35,34,5,'Ray-Ban',40191,'2015-02-28 04:39:00','Declined','1','2023-03-10 11:30:00'),
(36,41,5,'Oakley',24000,'2017-10-20 04:02:00','Completed','1','2023-03-10 11:30:00'),
(37,16,5,'Fastrack',38636,'2014-12-24 23:47:00','Cancelled','1','2023-03-10 11:30:00'),
(38,12,5,'Vogue',23567,'2013-10-18 03:49:00','Completed','1','2023-03-10 11:30:00'),
(39,72,5,'Scott',281,'2020-10-27 22:54:00','Refunded','1','2023-03-10 11:30:00'),
(40,25,5,'Tommy Hilfiger',35947,'2008-02-07 23:06:00','Declined','1','2023-03-10 11:30:00'),
(41,9,5,'IDEE',22615,'2013-03-22 17:38:00','Completed','1','2023-03-10 11:30:00'),
(42,68,5,'Carrera',31181,'2008-12-14 14:49:00','Cancelled','1','2023-03-10 11:30:00'),
(43,85,6,'Lenskart',33125,'2018-09-22 04:14:00','Completed','1','2023-03-10 11:30:00'),
(44,24,6,'Polaroid',265,'2014-03-16 12:53:00','Refunded','1','2023-03-10 11:30:00'),
(45,93,6,'Prada',47046,'2022-07-10 21:01:00','Declined','1','2023-03-10 11:30:00'),
(46,63,6,'Coolwinks',27999,'2016-11-09 19:16:00','Completed','1','2023-03-10 11:30:00'),
(47,13,6,'Titan Eye PLus',16070,'2018-08-20 13:59:00','Cancelled','1','2023-03-10 11:30:00'),
(48,84,6,'Fastrack',13237,'2013-05-26 13:29:00','Completed','1','2023-03-10 11:30:00'),
(49,39,6,'Oakley',20241,'2017-06-03 09:21:00','Refunded','1','2023-03-10 11:30:00'),
(50,23,6,'Carrera',19782,'2009-04-01 12:18:00','Declined','1','2023-03-10 11:30:00'),
(51,75,6,'Eyedo',17688,'2013-09-09 06:37:00','Completed','1','2023-03-10 11:30:00'),
(52,71,6,'Ray-Ban',34737,'2014-10-29 14:53:00','Cancelled','1','2023-03-10 11:30:00'),
(53,14,7,'Fitbit FB507BKBK Versa 2.',13333,'2016-07-02 04:16:00','Completed','1','2023-03-10 11:30:00'),
(54,7,7,'Noise ColorFit Pro 2.',45675,'2009-07-28 19:29:00','Refunded','1','2023-03-10 11:30:00'),
(55,26,7,'HONOR Band 5.',12990,'2020-01-16 10:54:00','Declined','1','2023-03-10 11:30:00'),
(56,2,7,'Garmin Forerunner 245.',42086,'2014-12-21 18:37:00','Completed','1','2023-03-10 11:30:00'),
(57,18,7,'Samsung Galaxy Watch.',2969,'2009-07-20 09:48:00','Cancelled','1','2023-03-10 11:30:00'),
(58,89,7,'Amazfit Bip U Smart Watch.',42421,'2014-06-03 14:18:00','Completed','1','2023-03-10 11:30:00'),
(59,98,7,'GOQii Vital.',21511,'2010-04-02 08:37:00','Refunded','1','2023-03-10 11:30:00'),
(60,86,7,'Fastrack Reflex 2.0 Watche.',49286,'2014-09-10 12:19:00','Declined','1','2023-03-10 11:30:00'),
(61,100,7,'Google Pixel smartwatch',30666,'2016-05-18 11:41:00','Completed','1','2023-03-10 11:30:00'),
(62,5,7,'Apple Watch 8',21820,'2008-03-02 08:25:00','Cancelled','1','2023-03-10 11:30:00'),
(63,1,7,'Titan Smart 2',31203,'2016-03-04 06:14:00','Completed','1','2023-03-10 11:30:00'),
(64,99,7,'Noise Pulse 2',25791,'2011-05-23 18:43:00','Refunded','1','2023-03-10 11:30:00'),
(65,88,8,'HP M24f 23.8-Inch LED Monitor',16732,'2014-01-10 11:31:00','Declined','1','2023-03-10 11:30:00'),
(66,30,8,'Acer HA220Q 21.5 Inch LCD Monitor',24162,'2021-08-16 21:57:00','Completed','1','2023-03-10 11:30:00'),
(67,73,8,'Samsung 24-inch FHD Monitor',2573,'2016-04-14 20:51:00','Cancelled','1','2023-03-10 11:30:00'),
(68,62,8,'HP M22f Full HD IPS 3-Sided Micro-Edge Monitor',48142,'2015-03-09 22:01:00','Completed','1','2023-03-10 11:30:00'),
(69,48,8,'LG UltraWide WFHD Made In India Monitor',20713,'2020-09-04 04:55:00','Refunded','1','2023-03-10 11:30:00'),
(70,36,8,'Acer EK220Q Full HD VA Panel Backlit LED Monitor',10243,'2021-06-14 20:54:00','Declined','1','2023-03-10 11:30:00'),
(71,4,8,'BenQ GW2780 27-inch 1080p FHD Eye-Care, IPS Monitor',46990,'2020-09-05 16:33:00','Completed','1','2023-03-10 11:30:00'),
(72,66,8,'Samsung M5 27 FHD 1080p Smart Monitor',42491,'2014-07-31 11:33:00','Cancelled','1','2023-03-10 11:30:00'),
(73,15,8,'Dell 24 Inch (60.96 cm) Monitor',4327,'2009-01-01 14:47:00','Completed','1','2023-03-10 11:30:00'),
(74,44,8,'Samsung IPS, LED Monitor',21096,'2021-06-19 02:48:00','Refunded','1','2023-03-10 11:30:00'),
(75,65,8,'ZEBRONICS ZEB-V19HD LED Monitor',3610,'2018-12-26 12:52:00','Declined','1','2023-03-10 11:30:00'),
(76,97,8,'LG 68.58 cm (27 inch) HDR 10 Monitor',14897,'2010-08-14 16:36:00','Completed','1','2023-03-10 11:30:00'),
(77,74,8,'BenQ UHD 4 Gaming Monitor',26316,'2017-09-15 01:13:00','Cancelled','1','2023-03-10 11:30:00'),
(78,83,9,'Corsair K95 Platinum XT',46411,'2020-01-15 21:47:00','Completed','1','2023-03-10 11:30:00'),
(79,92,9,'Logitech MK850',39246,'2018-09-18 05:15:00','Refunded','1','2023-03-10 11:30:00'),
(80,61,9,'TVS Bharat Gold',34844,'2021-04-02 12:01:00','Declined','1','2023-03-10 11:30:00'),
(81,52,9,'Dell KB216',41502,'2017-03-30 09:02:00','Completed','1','2023-03-10 11:30:00'),
(82,87,9,'HyperX Alloy Core',28779,'2017-05-07 22:42:00','Cancelled','1','2023-03-10 11:30:00'),
(83,67,9,'Logitech K230',14623,'2008-08-11 12:43:00','Completed','1','2023-03-10 11:30:00'),
(84,70,9,'HP 100',30069,'2019-09-24 12:40:00','Refunded','1','2023-03-10 11:30:00'),
(85,19,9,'GAMDIAS 7',17532,'2008-02-24 09:24:00','Declined','1','2023-03-10 11:30:00'),
(86,78,9,'Zebronics Max Pro Mechanical Keyboard',37728,'2009-10-07 22:57:00','Completed','1','2023-03-10 11:30:00'),
(87,22,9,'Ant Esports MK3400V2 W',11516,'2022-04-13 21:14:00','Cancelled','1','2023-03-10 11:30:00'),
(88,56,10,'HP USB Mouse (Model#- H2C21AA)',39899,'2019-05-20 03:32:00','Completed','1','2023-03-10 11:30:00'),
(89,50,10,'DellOptical Mouse (Model#- MS116)',44719,'2017-08-11 07:44:00','Refunded','1','2023-03-10 11:30:00'),
(90,3,10,'Coconut Rechargeable Wireless Mouse (Model#- WM12_B)',23740,'2014-02-08 04:48:00','Declined','1','2023-03-10 11:30:00'),
(91,54,10,'Zebronics Wireless Mouse (Model#- ‎ZEB-JAGUAR)',32887,'2020-09-29 01:59:00','Completed','1','2023-03-10 11:30:00'),
(92,42,10,'Seenda Wired Mouse (Model#- SM201)',32,'2016-06-25 23:54:00','Cancelled','1','2023-03-10 11:30:00'),
(93,76,10,'Lenovo Swift Compact Pair Mouse (Model#- GY50X88832)',9963,'2020-12-27 19:16:00','Completed','1','2023-03-10 11:30:00'),
(94,79,10,'Logitech Laptop Wireless Mouse (Model#- Pebble M350 Rose)',8140,'2016-09-06 06:09:00','Refunded','1','2023-03-10 11:30:00'),
(95,82,11,'SanDisk Cruzer Blade 64GB USB Flash Drive',36570,'2011-12-14 12:22:00','Declined','1','2023-03-10 11:30:00'),
(96,47,11,'HP USB Flash Drive 64GB 796L',36947,'2023-02-14 19:34:00','Shipped','1','2023-03-10 11:30:00'),
(97,69,11,'SanDisk Ultra Dual 64GB USB',31879,'2014-08-22 06:59:00','Cancelled','1','2023-03-10 11:30:00'),
(98,27,11,'HP x302M 64GB OTG',13368,'2012-04-28 01:34:00','Completed','1','2023-03-10 11:30:00'),
(99,53,11,'SanDisk Dual 64GB USB',12610,'2016-05-11 23:53:00','Refunded','1','2023-03-10 11:30:00'),
(100,6,11,'HP v236w',7236,'2020-06-03 07:57:00','Declined','1','2023-03-10 11:30:00'),
(101,58,11,'SanDisk Ultra Flair 64GB',28739,'2016-05-20 16:27:00','Completed','1','2023-03-10 11:30:00'),
(102,50,11,'HP v222w',43023,'2010-12-01 21:34:00','Cancelled','1','2023-03-10 11:30:00'),
(103,29,12,'SanDisk 128GB Class 10 microSDXC Memory Card',28149,'2009-01-10 20:39:00','Completed','1','2023-03-10 11:30:00'),
(104,55,12,'Samsung EVO Plus 64GB microSDHC Memory Card',35482,'2018-06-04 06:49:00','Refunded','1','2023-03-10 11:30:00'),
(105,48,12,'SanDisk 32GB Class 10 Micro SDHC Memory Card',26211,'2015-01-19 17:10:00','Declined','1','2023-03-10 11:30:00'),
(106,30,12,'HP 64GB Class 10 MicroSD Memory Card',21253,'2020-08-02 08:00:00','Completed','1','2023-03-10 11:30:00'),
(107,38,12,'Strontium Nitro A1 128GB Micro SDXC Memory Card',22233,'2020-03-16 13:19:00','Cancelled','1','2023-03-10 11:30:00'),
(108,56,12,'SanDisk 64GB Extreme microSDXC Memory Card',49690,'2019-03-25 12:26:00','Completed','1','2023-03-10 11:30:00'),
(109,6,13,'TP-link N300 WiFi Wireless Router TL-WR845N.',4578,'2012-05-17 13:43:00','Refunded','1','2023-03-10 11:30:00'),
(110,34,13,'D-Link DIR-615 Wireless-N300 Router',17956,'2010-03-06 11:06:00','Declined','1','2023-03-10 11:30:00'),
(111,40,13,'TP-Link AC750 Dual Band Wireless Cable Router.',44203,'2020-09-29 10:36:00','Completed','1','2023-03-10 11:30:00'),
(112,31,13,'TP-Link Archer C6 Gigabit MU-MIMO Wireless Router.',37387,'2018-07-08 02:51:00','Cancelled','1','2023-03-10 11:30:00'),
(113,39,13,'Tenda AC10 AC1200Wireless Smart Dual-Band Gigabit WiFi Router',26938,'2020-06-16 01:50:00','Completed','1','2023-03-10 11:30:01'),
(114,8,13,'Tenda N301 Wireless-N300.',34212,'2013-06-24 06:14:00','Refunded','1','2023-03-10 11:30:01'),
(115,54,14,'Canon',45328,'2009-05-25 20:58:00','Declined','1','2023-03-10 11:30:01'),
(116,24,14,'Sony',42826,'2022-10-10 13:47:00','Completed','1','2023-03-10 11:30:01'),
(117,4,14,'Nikon',45911,'2018-01-26 02:04:00','Cancelled','1','2023-03-10 11:30:01'),
(118,41,14,'Fujifilm',13269,'2023-03-07 07:54:00','Awaiting Shipment','1','2023-03-10 11:30:01'),
(119,44,14,'Panasonic',31897,'2015-06-20 08:49:00','Refunded','1','2023-03-10 11:30:01'),
(120,21,14,'Olympus',3063,'2012-09-09 16:23:00','Declined','1','2023-03-10 11:30:01'),
(121,13,14,'PENTAX',14194,'2017-02-28 09:56:00','Completed','1','2023-03-10 11:30:01'),
(122,32,15,'Apple iPhone 14 Pro (128 GB) - Space Black',2999,'2016-01-24 20:47:00','Cancelled','1','2023-03-10 11:30:01'),
(123,17,15,'Apple iPhone 12 (128GB) - White',18163,'2012-01-09 10:37:00','Completed','1','2023-03-10 11:30:01'),
(124,23,15,'Redmi A1 (Light Blue, 2GB RAM, 32GB Storage) | Segment Best AI Dual Cam | 5000mAh Battery',46106,'2009-10-21 06:34:00','Refunded','1','2023-03-10 11:30:01'),
(125,11,15,'Redmi A1 (Black, 2GB RAM, 32GB Storage) | Segment Best AI Dual Cam | 5000mAh Battery',48915,'2014-06-04 07:32:00','Declined','1','2023-03-10 11:30:01'),
(126,52,15,'Redmi 9A Sport (Coral Green, 2GB RAM, 32GB Storage) | 2GHz Octa-core Helio G25 Processor',23311,'2010-12-17 22:13:00','Completed','1','2023-03-10 11:30:01'),
(127,9,15,'OPPO A74 5G (Fantastic Purple,6GB RAM,128GB Storage) with No Cost EMI/Additional Exchange Offers',47,'2018-04-19 04:24:00','Cancelled','1','2023-03-10 11:30:01'),
(128,14,15,'OPPO A74 5G (Fluid Black, 6GB RAM, 128GB Storage) with No Cost EMI/Additional Exchange Offers',10733,'2008-06-02 16:31:00','Completed','1','2023-03-10 11:30:01'),
(129,28,15,'Samsung Galaxy S20 FE 5G (Cloud Mint, 8GB RAM, 128GB Storage)',5731,'2022-10-03 20:26:00','Refunded','1','2023-03-10 11:30:01'),
(130,3,16,'realme Pad X 6 GB RAM 128 GB ROM 11 inch with Wi-Fi+5G Tablet (Glacier Blue)',2519,'2012-10-03 14:39:00','Declined','1','2023-03-10 11:30:01'),
(131,12,16,'realme Pad 3 GB RAM 32 GB ROM 10.4 inch with Wi-Fi+4G Tablet (Grey)',13774,'2020-03-24 19:08:00','Completed','1','2023-03-10 11:30:01'),
(132,19,16,'realme Pad 6 GB RAM 128 GB ROM 10.4 inch with Wi-Fi+4G Tablet (Gold)',28366,'2012-07-15 20:09:00','Cancelled','1','2023-03-10 11:30:01'),
(133,15,16,'APPLE iPad (9th Gen) 64 GB ROM 10.2 inch with Wi-Fi Only (Space Grey)',1425,'2015-12-28 06:50:00','Completed','1','2023-03-10 11:30:01'),
(134,10,16,'MOTOROLA Tab G62 4 GB RAM 64 GB ROM 10.61 inch with Wi-Fi+4G Tablet (Frost Blue)',16712,'2021-05-03 19:15:00','Refunded','1','2023-03-10 11:30:01'),
(135,36,16,'SAMSUNG Galaxy Tab S7+ With Stylus 6 GB RAM 128 GB ROM 12.4 inch with Wi-Fi Only Tablet (Mystic Black)',17796,'2020-03-21 23:58:00','Declined','1','2023-03-10 11:30:01'),
(136,2,16,'APPLE iPad (10th Gen) 64 GB ROM 10.9 inch with Wi-Fi Only (Silver)',4613,'2010-05-22 20:13:00','Completed','1','2023-03-10 11:30:01'),
(137,26,16,'SAMSUNG Galaxy Tab A8 3 GB RAM 32 GB ROM 10.5 inch with Wi-Fi Only Tablet (Gray)',35302,'2014-04-04 21:29:00','Cancelled','1','2023-03-10 11:30:01'),
(138,7,16,'Lenovo Tab K10 FHD 4 GB RAM 64 GB ROM 10.3 inches with Wi-Fi+4G Tablet (Abyss Blue)',40663,'2018-02-18 22:18:00','Completed','1','2023-03-10 11:30:01'),
(139,18,16,'ASUS VivoBook Flip 14 Core i3 11th Gen - (8 GB/256 GB SSD/Windows 11 Home) TP470EA-EC301WS 2',9606,'2018-11-17 06:02:00','Refunded','1','2023-03-10 11:30:01'),
(140,57,17,'Nintendo Wii U',46463,'2009-12-06 00:49:00','Declined','1','2023-03-10 11:30:01'),
(141,35,17,'Microsoft Xbox Series X',32002,'2017-03-08 05:01:00','Completed','1','2023-03-10 11:30:01'),
(142,49,17,'Sony Playstation 5',7255,'2014-06-03 21:08:00','Cancelled','1','2023-03-10 11:30:01'),
(143,25,17,'Nintendo Wii',33839,'2014-05-28 12:58:00','Completed','1','2023-03-10 11:30:01'),
(144,20,17,'Sega Genesis',47240,'2018-02-02 07:43:00','Refunded','1','2023-03-10 11:30:01'),
(145,60,17,'Microsoft Xbox',21659,'2015-07-04 13:13:00','Declined','1','2023-03-10 11:30:01'),
(146,51,17,'Sony Playstation',31732,'2021-02-28 05:12:00','Completed','1','2023-03-10 11:30:01'),
(147,53,17,'Nintendo Super Nintendo (SNES)',30765,'2012-04-13 13:54:00','Cancelled','1','2023-03-10 11:30:01'),
(148,33,17,'Sony Playstation 4',8793,'2016-05-29 01:38:00','Completed','1','2023-03-10 11:30:01'),
(149,45,17,'Nintendo Switch',48330,'2020-11-07 14:01:00','Refunded','1','2023-03-10 11:30:01'),
(150,47,18,'Zaap 5-Port 5.1A Turbo Desktop Adapter',48679,'2015-12-27 22:13:00','Declined','1','2023-03-10 11:30:01'),
(151,59,18,'Portronics Adapto 22 Quick Charger',42871,'2018-10-29 19:12:00','Completed','1','2023-03-10 11:30:01'),
(152,22,18,'Mi 27W Superfast Charging Adapter',44803,'2017-07-28 01:25:00','Cancelled','1','2023-03-10 11:30:01'),
(153,27,18,'Oraimo Firefly 5.0V 2.1A Dual USB Fast Wall Charger',33984,'2011-02-04 00:54:00','Completed','1','2023-03-10 11:30:01'),
(154,42,18,'Amx XP24+ 2-Port Fast Mobile Charger',2905,'2013-06-08 19:46:00','Refunded','1','2023-03-10 11:30:01'),
(155,46,18,'MI 33W SonicCharge',33853,'2020-09-15 09:09:00','Declined','1','2023-03-10 11:30:01'),
(156,37,18,'Oraimo Charger',5525,'2021-01-12 03:28:00','Completed','1','2023-03-10 11:30:01'),
(157,5,18,'Tessco BC-205 22W Multi-Wall USB Travel Charger',31969,'2010-01-13 09:22:00','Cancelled','1','2023-03-10 11:30:01'),
(158,1,18,'Pacificdeals 30W Fast Charger',49537,'2011-09-11 06:38:00','Completed','1','2023-03-10 11:30:01'),
(159,16,18,'Mivi Desktop USB Charger',35470,'2013-09-30 06:52:00','Refunded','1','2023-03-10 11:30:01'),
(160,43,18,'Ambrane AQC-56',3142,'2017-02-28 10:07:00','Declined','1','2023-03-10 11:30:01');

/*!40101 SET SQL_MODE=@OLD_SQL_MODE */;
/*!40014 SET FOREIGN_KEY_CHECKS=@OLD_FOREIGN_KEY_CHECKS */;
/*!40014 SET UNIQUE_CHECKS=@OLD_UNIQUE_CHECKS */;
/*!40111 SET SQL_NOTES=@OLD_SQL_NOTES */;
